Населенный пункт,Лицевой счет,ФИО,Тип учета,Тип здания,Улица,Дом,Состояние подключения,Объект АСКУГ,Оснащенность СТМ,Дата последней проверки,Модель счетчика газа,Заводской номер,Очередная поверка счетчика,Предыдущие учтёные показания,Текущие (последние) учтёные показания,"Площадь жилая, м2",Количество проживающих,Газовый котел,Газовая колонка,Газовая плита
поселок И,1,Фамилия Имя Отчество,Счетчик,частный,пер Дружбы,д.21,Подключен,нет,нет,2019-04-29,СГД-3Т G6  Минский механический завод С.И.Вавилова,1001,2027-03-20,13 315,13 315,102,1,АОГВ;,ВПГ автоматический;,Брест-04;
поселок И,2,Фамилия Имя Отчество,Счетчик,частный,пер Дружбы,д.23,Подключен,нет,нет,2012-03-26,"BK-G6T Elster, Германия",1002,2023-03-31,39 400,39 400,"155,1",4,"АОГВ 23,2-1(3)  Жуковский;",ВПГ 23;,Гефест4;
поселок И,3,Фамилия Имя Отчество,Счетчик,частный,пер Дружбы,д.6,Подключен,нет,нет,2011-10-15,"СГМН-1 G6 г. Минск, МПИ 8лет",1003,2028-10-21,6 600,6 600,"63,3",4,КЧМ ГПТ-2М;,Отсутствует,ПГ4 Nord;
поселок И,4,Фамилия Имя Отчество,Счетчик,частный,пер Зеленый,д.6А,Подключен,нет,нет,2021-01-14,"ВК-G4T  Elster, Германия",1004,2030-06-16,18 150,18 150,"92,6",1,Navien Ace 13 AN;,Отсутствует,ПГ4;
поселок И,5,Фамилия Имя Отчество,Счетчик,частный,пер Котовского,д.18,Подключен,нет,нет,2019-10-21,"СГМН-1 G6 г. Минск, МПИ 8лет",1005,2027-10-16,8 904,9 258,"52,4",6,Конорд КСцГ-16;,ВПГ автоматический;,Greta4;
поселок И,6,Фамилия Имя Отчество,Счетчик,частный,пер Котовского,д.6А,Подключен,нет,нет,2020-12-08,"ВК-G4T  Elster, Германия",1006,2026-01-01,6 815,6 815,"139,1",1,Navien Deluxe 24K;,Отсутствует,панель варочная;
поселок И,7,Фамилия Имя Отчество,Счетчик,частный,пер Кочубея,д.28,Подключен,нет,нет,2013-05-14,"ВК-G4T  Elster, Германия",1007,2026-03-17,50 129,50 129,"75,4",6,"КСГ-12,5  ""ЛЕМАКС"" Арбат;",Отсутствует,Брест-04; ПГ4;
поселок И,8,Фамилия Имя Отчество,Счетчик,частный,пер Лесной,д.16,Подключен,нет,нет,2020-02-27,MKM G6  Premagas s.r.o. Словакия,1008,2030-02-19,11 899,11 899,"49,4",3,"АОГВ-11,6-3 Ростов;",Отсутствует,ПГ4 Волгоград;
поселок И,9,Фамилия Имя Отчество,Счетчик,частный,пер Молодежный,д.3,Подключен,нет,нет,2023-02-21,"СГМН-1 G6 г. Минск, МПИ 8лет",1009,2031-02-21,22 195,22 195,"48,7",1,"АОГВ-11,6-1 Ростов;",Отсутствует,ПВ4 Gefest;
поселок И,10,Фамилия Имя Отчество,Счетчик,частный,пер Чистый,д.1,Подключен,нет,нет,2017-01-25,"ВК-G4T  Elster, Германия",1010,2026-04-19,8 079,8 079,"76,3",1,Navien Ace 13A;,ВПГ автоматический;,ПГ4;
поселок И,11,Фамилия Имя Отчество,Счетчик,частный,ул 50 лет Октября,д.159/1,Подключен,нет,нет,2019-03-29,"ВК-G4T  Elster, Германия",1011,2025-08-18,6 372,6 372,"139,2",1,Navien Ace 24A;,ВПГ автоматический;,ПГ4 Bosch;
поселок И,12,Фамилия Имя Отчество,Счетчик,частный,ул 50 лет Октября,д.1А,Подключен,нет,нет,2018-04-16,"BK-G6T Elster, Германия",1012,2028-05-03,31 090,31 090,68,3,"АОГВ-23,2 Арбат;",Отсутствует,Брест-04;
поселок И,13,Фамилия Имя Отчество,Счетчик,частный,ул 50 лет Октября,д.98,Подключен,нет,нет,2017-06-22,"ВК-G4T  Elster, Германия",1013,2027-07-27,34 882,34 882,"45,7",2,АОГВ 11-5 DANI;,Отсутствует,ПГ4;
поселок И,14,Фамилия Имя Отчество,Счетчик,частный,ул 8 Марта,д.2Т,Подключен,нет,нет,2022-02-16,"ВК-G4T  Эльстер Газэлектроника, г.Арзамас",1014,2031-06-01,667,667,"58,8",1,Buderus Logamax U072-18;,Отсутствует,ПВ4;
поселок И,15,Фамилия Имя Отчество,Счетчик,частный,ул 8 Марта,д.68,Подключен,нет,нет,2018-10-22,"BK-G6T Elster, Германия",1015,2028-08-24,605,605,"94,1",3,АТЕМ Житомир-3 КС-Г-010 СН;,Отсутствует,Лада4; Лада4;
поселок И,16,Фамилия Имя Отчество,Счетчик,частный,ул 8 Марта,д.69/6,Подключен,нет,нет,2022-01-18,"ВК-G4T  Эльстер Газэлектроника, г.Арзамас",1016,2031-07-29,3 366,3 366,"70,6",1,Navien Deluxe Coaxial 13K;,Отсутствует,Samsung панель;
поселок И,17,Фамилия Имя Отчество,Счетчик,частный,ул 8 Марта,д.69/9,Подключен,нет,нет,2022-01-18,"ВК-G4T  Эльстер Газэлектроника, г.Арзамас",1017,2031-06-22,2 790,2 790,"73,6",1,Navien Deluxe Coaxial 13K;,Отсутствует,Гефест4;
поселок И,18,Фамилия Имя Отчество,Счетчик,частный,ул 8 Марта,д.69Х,Подключен,нет,нет,2020-10-12,"ВК-G4T  Elster, Германия",1018,2028-08-24,3 172,3 172,"62,6",1,Navien Ace 16к;,ВПГ автоматический;,ПГ4 Ariston;
поселок И,19,Фамилия Имя Отчество,Счетчик,частный,ул Абрикосовая,д.23,Подключен,нет,нет,2018-04-27,"ВК-G4T  Elster, Германия",1019,2026-03-04,0,13,"76,5",1,Navien Ace 13A;,ВПГ автоматический;,ПВ4 Gorenie;
поселок И,20,Фамилия Имя Отчество,Счетчик,частный,ул Абрикосовая,д.25,Подключен,нет,нет,2018-04-27,"ВК-G4T  Elster, Германия",1020,2026-12-16,3 210,3 210,"67,1",1,Navien Ace 16к;,ВПГ автоматический;,ПВ4 Gefest;
поселок И,21,Фамилия Имя Отчество,Счетчик,частный,ул Виноградная,д.13А,Подключен,нет,нет,2014-03-01,"ВК-G4T  Elster, Германия",1021,2026-01-22,20 605,20 605,"76,6",2,Navien Ace 13 K;,ВПГ автоматический;,Гефест4;
поселок И,22,Фамилия Имя Отчество,Счетчик,частный,ул Виноградная,д.40,Подключен,нет,нет,2019-08-28,"BK-G6T Elster, Германия",1022,2029-08-09,51 463,51 463,98,2,"АОГВ-23,2 Арбат;",ВПГ автоматический;,Лада4;
поселок И,23,Фамилия Имя Отчество,Счетчик,частный,ул Виноградная,д.48,Подключен,нет,нет,2016-10-07,"ВК-G4T  Elster, Германия",1023,2026-01-08,47 370,47 370,"78,1",1,Siberia;,ВПГ автоматический;,Electrolux панель; ПГ4 Flama;
поселок И,24,Фамилия Имя Отчество,Счетчик,частный,ул Волгоградская,д.35,Подключен,нет,нет,2019-11-05,"ВК-G4T  Elster, Германия",1024,2026-02-26,12 547,12 627,"43,7",8,"АОГВ-11,6-3 Ростов;",Отсутствует,Гефест4;
поселок И,25,Фамилия Имя Отчество,Счетчик,частный,ул Горная,д.2В,Подключен,нет,нет,2022-06-17,"ВК-G4T  Elster, Германия",1025,2030-02-04,12 235,12 235,"52,1",1,"АОГВ 17,4-3;",Отсутствует,Гефест4;
поселок И,26,Фамилия Имя Отчество,Счетчик,частный,ул Горная,д.51,Подключен,нет,нет,2022-08-24,"ВК-G4T  Эльстер Газэлектроника, г.Арзамас",1026,2031-07-01,700,700,"135,8",2,Baxi Eco Compact 24F;,Отсутствует,панель варочная;
поселок И,27,Фамилия Имя Отчество,Счетчик,частный,ул Горная,д.59,Подключен,нет,нет,2021-05-14,"ВК-G4T  Elster, Германия",1027,2026-10-11,12 795,12 795,"84,3",1,Ariston CLAS 24 FF;,ВПГ автоматический;,Гефест4;
поселок И,28,Фамилия Имя Отчество,Счетчик,частный,ул Грушевая,д.75,Подключен,нет,нет,2021-04-22,"ВК-G4T  Elster, Германия",1028,2030-11-05,5 980,5 980,"74,7",1,Navien Deluxe 16K;,Отсутствует,ПГ4;
поселок И,29,Фамилия Имя Отчество,Счетчик,частный,ул Демьяна Бедного,д.5,Подключен,нет,нет,2016-02-09,"ВК-G4T  Elster, Германия",1029,2025-07-31,13 662,13 662,"52,7",1,Navien Ace 16к;,ВПГ автоматический;,ПВ4 Gefest;
поселок И,30,Фамилия Имя Отчество,Счетчик,частный,ул Дербентская,д.4,Подключен,нет,нет,2017-11-24,"ВК-G4  Elster, Германия",1030,2028-07-10,46 290,46 290,"54,5",2,Лемакс;,Отсутствует,ПВ4 Gefest;
поселок И,31,Фамилия Имя Отчество,Счетчик,частный,ул Дзержинского,д.11,Подключен,нет,нет,2018-07-04,"ВК-G4 ООО ""Метэко-Премагаз"", г.Москва",1031,2028-04-06,14 198,14 198,154,1,"Лемакс Газовик АОГВ-23,2;",Отсутствует,Карпаты;
поселок И,32,Фамилия Имя Отчество,Счетчик,частный,ул Дзержинского,д.35,Подключен,нет,нет,2021-01-27,"BK-G6T Elster, Германия",1032,2029-09-04,25 438,25 438,"40,3",3,Navien Ace 16к;,ВПГ автоматический;,ПГ4 BEKO;
поселок И,33,Фамилия Имя Отчество,Счетчик,частный,ул Длинная,д.124,Подключен,нет,нет,2022-08-04,"СГМН-1 G6 г. Минск, МПИ 8лет",1033,2030-08-04,35 811,35 811,"50,8",1,Печная горелка; ДОН-16 УГОП;,Отсутствует,ПГ4;
поселок И,34,Фамилия Имя Отчество,Счетчик,частный,ул Длинная,д.132,Подключен,нет,нет,2022-02-03,"СГМН-1 G6 г. Минск, МПИ 8лет",1034,2030-02-02,83 200,83 200,"42,9",1,"АОГВ 11,6;",Отсутствует,Лада4;
поселок И,35,Фамилия Имя Отчество,Счетчик,частный,ул Длинная,д.214,Подключен,нет,нет,2016-07-14,NPM-G4  ЗАО Газдевайс,1035,2026-07-21,7 020,7 020,"45,6",1,КСГ-16;,Отсутствует,ПГ4 Nord; Гефест4;
поселок И,36,Фамилия Имя Отчество,Счетчик,частный,ул Длинная,д.216,Подключен,нет,нет,2020-02-13,"ВК-G4T  Elster, Германия",1036,2028-08-23,10 350,10 350,0,2,Печная горелка;,Отсутствует,Терек4;
поселок И,37,Фамилия Имя Отчество,Счетчик,частный,ул Длинная,д.224,Подключен,нет,нет,2018-07-09,"BK-G6T Elster, Германия",1037,2028-05-04,4 570,4 570,"89,1",1,"АОГВ-11,6-3 модель 2210-012 исп. 3 Siberia 11;",Отсутствует,ПГ4;
поселок И,38,Фамилия Имя Отчество,Счетчик,частный,ул Длинная,д.50,Подключен,нет,нет,2022-03-14,"ВК-G4T  Elster, Германия",1038,2032-03-04,27 251,27 251,"56,1",4,"АОГВ-11,6-3 Ростов;",Отсутствует,панель варочная;
поселок И,39,Фамилия Имя Отчество,Счетчик,частный,ул Длинная,д.90,Подключен,нет,нет,2021-08-17,"ВК-G4T (250)  Эльстер Газэлектроника, г.Арзамас",1039,2031-03-25,55 503,55 503,"42,5",1,Котел настенный;,ВПГ автоматический;,Лада4;
поселок И,40,Фамилия Имя Отчество,Счетчик,частный,ул Достоевского,д.19,Подключен,нет,нет,2019-10-01,"BK-G6T Elster, Германия",1040,2027-07-27,16 983,16 983,"54,5",2,"АОГВ-17,4-1 Арбат;",Отсутствует,ПВ4 Gefest;
поселок И,41,Фамилия Имя Отчество,Счетчик,частный,ул Достоевского,д.37,Подключен,нет,нет,2020-08-19,"ВК-G4T  Elster, Германия",1041,2028-11-16,22 650,22 650,"67,1",6,"АОГВ-17,4-1 Арбат;",Отсутствует,Гефест4;
поселок И,42,Фамилия Имя Отчество,Счетчик,частный,ул Достоевского,д.4,Подключен,нет,нет,2018-05-23,"ВК-G4T  Elster, Германия",1042,2028-05-23,12 148,12 148,"89,1",6,КС-16 Арбат;,Отсутствует,ПГ4; Гефест панель;
поселок И,43,Фамилия Имя Отчество,Счетчик,частный,ул Железнодорожная,д.64,Подключен,нет,нет,2020-11-11,"СГМН-1 G6 г. Минск, МПИ 8лет",1043,2028-10-21,58 260,58 260,"47,1",4,"АОГВ 23,2-1(3)  Жуковский;",Отсутствует,ПГ4 Dako;
поселок И,44,Фамилия Имя Отчество,Счетчик,частный,ул Западная,д.21,Подключен,нет,нет,2017-10-02,"BK-G6T Elster, Германия",1044,2026-01-12,1 229,1 229,97,6,"АОГВ-23,2 Арбат;",MASTER GAS Comfort;,Electrolux панель;
поселок И,45,Фамилия Имя Отчество,Счетчик,частный,ул Западная,д.24,Подключен,нет,нет,2017-05-17,"ВК-G4T  Elster, Германия",1045,2026-05-01,45 954,45 954,90,1,Navien Ace 13 K;,ВПГ автоматический;,ПГ4;
поселок И,46,Фамилия Имя Отчество,Счетчик,частный,ул Западная,д.9,Подключен,нет,нет,2021-06-22,"ВК-G4T  Elster, Германия",1046,2031-03-04,41 322,41 322,60,1,"АОГВ-17,4 ""Siberia"";",ВПГ автоматический;,ПГ4 Nord;
поселок И,47,Фамилия Имя Отчество,Счетчик,частный,ул Заречная,д.67,Подключен,нет,нет,2019-09-18,G6 Вектор-Т г.С.-Петербург,1047,2028-07-08,23 971,23 971,"56,5",6,КС-2;,Отсутствует,ПГ4 MIDEA;
поселок И,48,Фамилия Имя Отчество,Счетчик,частный,ул Зеленая,д.22А,Подключен,нет,нет,2020-07-29,"СГМН-1 G6 г. Минск, МПИ 8лет",1048,2023-12-18,0,0,"87,1",4,Navien Deluxe Coaxial 13K; Ferroli DOMiproject С24;,Отсутствует,ПГ4;
поселок И,49,Фамилия Имя Отчество,Счетчик,частный,ул Зеленая,д.26,Подключен,нет,нет,2018-04-16,"BK-G6  Elster, Германия",1049,2027-06-02,8 006,8 006,"60,7",2,КСТГ-10 Арбат;,Отсутствует,Лада4;
поселок И,50,Фамилия Имя Отчество,Счетчик,частный,ул Зои Космодемьянской,д.13,Подключен,нет,нет,2019-10-17,"ВК-G4T  Elster, Германия",1050,2029-10-17,37 505,37 505,"40,5",5,"АОГВ-23,2 Арбат;",Отсутствует,ПГ4 Ariston;
поселок И,51,Фамилия Имя Отчество,Счетчик,частный,ул Интернациональная,д.8,Подключен,нет,нет,2011-10-06,"BK-G6T Elster, Германия",1051,2029-07-31,50 575,50 575,0,1,Печная горелка; Печная горелка;,Отсутствует,ПВ4 Gefest;
поселок И,52,Фамилия Имя Отчество,Счетчик,частный,ул Казачья,д.41,Подключен,нет,нет,2017-08-10,"ВК-G4T  Elster, Германия",1052,2032-08-18,6 910,6 910,0,1,ГПТ;,Отсутствует,Лада4;
поселок И,53,Фамилия Имя Отчество,Счетчик,частный,ул Казачья,д.49,Подключен,нет,нет,2018-05-14,MKM G6  Premagas s.r.o. Словакия,1053,2029-04-09,85 900,85 900,"155,8",5,"АКГВ 23,2-1 Боринсое;",ВПГ автоматический;,Гефест4;
поселок И,54,Фамилия Имя Отчество,Счетчик,частный,ул Калинина,д.11А,Подключен,нет,нет,2019-07-08,"СГМН-1 G6 г. Минск, МПИ 8лет",1054,2027-01-04,53 380,53 380,"58,5",4,"АОГВ-11,6-3 Ростов;",Отсутствует,ПГ4;
поселок И,55,Фамилия Имя Отчество,Счетчик,частный,ул Калинина,д.27,Подключен,нет,нет,2019-05-30,"ВК-G4T  Elster, Германия",1055,2029-02-04,16 439,16 439,0,5,Печная горелка;,Отсутствует,Гефест4;
поселок И,56,Фамилия Имя Отчество,Счетчик,частный,ул Калинина,д.3,Подключен,нет,нет,2016-11-08,NPM-G4  ЗАО Газдевайс,1056,2027-08-17,16 644,16 644,"73,1",2,АТЕМ Житомир-3 КС-Г-030 СН;,Отсутствует,ПГ4 Mabe;
поселок И,57,Фамилия Имя Отчество,Счетчик,частный,ул Калинина,д.32Б,Подключен,нет,нет,2016-11-08,"ВК-G4T  Elster, Германия",1057,2026-12-13,67 170,67 170,"76,1",3,КС-2;,Нева 3010;,ПГ4;
поселок И,58,Фамилия Имя Отчество,Счетчик,частный,ул Киевская,д.69,Подключен,нет,нет,2018-04-23,"СГМН-1 G6 г. Минск, МПИ 8лет",1058,2028-02-05,61 269,61 269,"28,1",7,"КСГ-7,5 Арбат;",Отсутствует,Flama - 2 конф.;
поселок И,59,Фамилия Имя Отчество,Счетчик,частный,ул Киевская,д.88,Подключен,нет,нет,2020-08-31,"BK-G6T Elster, Германия",1059,2030-08-27,34 500,34 500,65,2,Siberia;,Нева 4511;,ПВ4 Gefest; ПВ4 Gefest;
поселок И,60,Фамилия Имя Отчество,Счетчик,частный,ул Кольцевая,д.12,Подключен,нет,нет,2011-09-15,"ВК-G4T  Elster, Германия",1060,2029-10-02,30 942,30 942,"80,6",4,КСТГ-10 Арбат;,ВПГ автоматический;,Электа4;
поселок И,61,Фамилия Имя Отчество,Счетчик,частный,ул Кольцевая,д.70,Подключен,нет,нет,2018-10-15,"ВК-G4T  Elster, Германия",1061,2028-10-11,4 860,4 860,"74,6",2,"АОГВ-11,6-3 Ростов;",ВПГ автоматический;,Гефест4;
поселок И,62,Фамилия Имя Отчество,Счетчик,частный,ул Кольцевая,д.85,Подключен,нет,нет,2018-09-07,"BK-G6 ООО ""Метэко-Премагаз"", г.Москва",1062,2028-08-07,30 458,30 458,"69,1",1,КСГВ-16М Мимакс;,Отсутствует,Брест-04;
поселок И,63,Фамилия Имя Отчество,Счетчик,частный,ул Коммунаров,д.11,Подключен,нет,нет,2019-10-15,"СГМН-1 G6 г. Минск, МПИ 8лет",1063,2027-09-19,9 508,9 508,"40,9",5,"АОГВК-17,4-3 Ростов Siberia 17К;",Отсутствует,Брест-04;
поселок И,64,Фамилия Имя Отчество,Счетчик,частный,ул Коммунаров,д.22,Подключен,нет,нет,2018-09-03,"BK-G6T Elster, Германия",1064,2028-08-30,1 013,1 013,"62,7",8,КСТГ-16 Арбат;,Oasis ISD12-A1 ;,ПГ4 Zanussi;
поселок И,65,Фамилия Имя Отчество,Счетчик,частный,ул Коммунаров,д.35,Подключен,нет,нет,2017-11-13,"ВК-G4T  Elster, Германия",1065,2027-08-23,4 960,4 990,"46,6",5,"КСТГ-12,5 КРАБ;",Отсутствует,Гефест4;
поселок И,66,Фамилия Имя Отчество,Счетчик,частный,ул Комсомольская,д.84,Подключен,нет,нет,2018-04-20,"BK-G6T Elster, Германия",1066,2031-04-26,42 547,42 547,"64,6",4,КСГ-16;,Ладогаз;,ПВ4 Gefest;
поселок И,67,Фамилия Имя Отчество,Счетчик,частный,ул Космонавтов,д.15,Подключен,нет,нет,2018-05-15,"BK-G6T Elster, Германия",1067,2028-01-03,43 270,43 270,"126,2",1,Baxi Slim 2.300 i;,ВПГ автоматический;,Гефест4;
поселок И,68,Фамилия Имя Отчество,Счетчик,частный,ул Космонавтов,д.48,Подключен,нет,нет,2021-12-24,"ВК-G4T  Эльстер Газэлектроника, г.Арзамас",1068,2030-11-03,32 212,32 212,"166,4",7,Navien Deluxe Coaxial 24K;,Отсутствует,ПВ4 Gefest;
поселок И,69,Фамилия Имя Отчество,Счетчик,частный,ул Красноармейская,д.18,Подключен,нет,нет,2021-09-13,"СГМН-1 G6 г. Минск, МПИ 8лет",1069,2029-07-06,22 470,22 470,"38,4",2,Конорд 12В;,Oasis ISD12-A1 ;,ПГ4 Zanussi; Гефест4;
поселок И,70,Фамилия Имя Отчество,Счетчик,частный,ул Крестьянская,д.25,Подключен,нет,нет,2019-09-19,"NPL G4  Nuovo Pignone S.p.A.,Италия",1070,2023-05-21,28 511,28 511,0,4,УГОП-П-16-L11; УГОП-П-16-L11;,Отсутствует,Гефест4;
поселок И,71,Фамилия Имя Отчество,Счетчик,частный,ул Кутузова,д.17А,Подключен,нет,нет,2022-03-14,"ВК-G4T  Elster, Германия",1071,2032-03-04,15 354,15 354,"52,2",2,Navien Ace 13A;,Отсутствует,панель варочная;
поселок И,72,Фамилия Имя Отчество,Счетчик,частный,ул Кутузова,д.3А,Подключен,нет,нет,2022-05-23,"СГМН-1 G6 г. Минск, МПИ 8лет",1072,2030-05-04,60 480,60 480,"91,4",1,КС-2;,Отсутствует,Гефест4;
поселок И,73,Фамилия Имя Отчество,Счетчик,частный,ул Ленина,д.124/4,Подключен,нет,нет,2020-11-05,СГК-4-1 Электроприбор г. Воронеж,1073,2023-11-20,7 415,7 415,0,1,Печная горелка;,Отсутствует,ПГ4;
поселок И,74,Фамилия Имя Отчество,Счетчик,частный,ул Ленина,д.193,Подключен,нет,нет,2017-03-10,"BK-G6T Elster, Германия",1074,2027-02-22,17 910,17 910,0,1,ГПТ; ГПТ;,Отсутствует,ПГ2; Greta4;
поселок И,75,Фамилия Имя Отчество,Счетчик,частный,ул Ленина,д.20,Подключен,нет,нет,2019-03-29,"ВК-G4T  Elster, Германия",1075,2029-03-25,66 741,66 741,"44,3",2,"КСГ-7,5 Арбат;",Отсутствует,Дарина4;
поселок И,76,Фамилия Имя Отчество,Счетчик,частный,ул Ленина,д.216,Подключен,нет,нет,2021-04-26,"BK-G6T Elster, Германия",1076,2030-06-17,34 910,34 910,"73,2",3,АОГВ 17.4 - 3;,Отсутствует,ПГ4 Ardo; Гефест4;
поселок И,77,Фамилия Имя Отчество,Счетчик,частный,ул Ленина,д.40,Подключен,нет,нет,2022-10-11,"СГМН-1 G6 г. Минск, МПИ 8лет",1077,2029-05-12,3 785,3 785,"31,8",1,КЧМ-4;,Отсутствует,Россиянка4;
поселок И,78,Фамилия Имя Отчество,Счетчик,частный,ул Лермонтова,д.101,Подключен,нет,нет,2020-07-30,"ВК-G4T  Elster, Германия",1078,2027-01-03,23 986,23 986,"141,2",1,Navien Deluxe 40K;,Отсутствует,Модель 1457;
поселок И,79,Фамилия Имя Отчество,Счетчик,частный,ул Лермонтова,д.38,Подключен,нет,нет,2022-04-01,"ВК-G4T  Эльстер Газэлектроника, г.Арзамас",1079,2031-10-01,2 794,2 794,0,3,Navien Deluxe 16K;,Отсутствует,Candy панель;
поселок И,80,Фамилия Имя Отчество,Счетчик,частный,ул Лермонтова,д.58Б,Подключен,нет,нет,2017-06-21,MKM G4  Premagas s.r.o. Словакия,1080,2028-12-06,5 250,5 250,"54,1",1,"КСГ-10  ""ЛЕМАКС"" Арбат;",Отсутствует,Greta4;
поселок И,81,Фамилия Имя Отчество,Счетчик,частный,ул Максима Горького,д.13,Подключен,нет,нет,2021-12-29,"BK-G6T Elster, Германия",1081,2026-01-12,12 645,12 645,"41,3",1,"АОГВ-11,6-3 Ростов;",Отсутствует,Gorenje G;
поселок И,82,Фамилия Имя Отчество,Счетчик,частный,ул Механизаторов,д.13,Подключен,нет,нет,2017-10-23,MKM G4  Premagas s.r.o. Словакия,1082,2027-10-19,33 600,33 600,"39,8",2,"АОГВ- 17,4-3  ""Siberia 17"" 2210-032  630 EUROSIT;",Отсутствует,ПГ3;
поселок И,83,Фамилия Имя Отчество,Счетчик,частный,ул Механизаторов,д.21А,Подключен,нет,нет,2016-07-29,"СГМН-1 G6 г. Минск, МПИ 8лет",1083,2028-10-22,37 350,37 350,"51,2",4,"АОГВ 17,4-3;",Отсутствует,Дружковка4; ПГ4;
поселок И,84,Фамилия Имя Отчество,Счетчик,частный,ул Механизаторов,д.46,Подключен,нет,нет,2017-10-06,"ВК-G4T  Elster, Германия",1084,2027-09-08,21 038,21 038,"40,1",4,"АОГВ-11,6-3 Ростов;",Отсутствует,Greta4;
поселок И,85,Фамилия Имя Отчество,Счетчик,частный,ул Мира,д.135,Подключен,нет,нет,2017-09-18,"ВК-G4T  Elster, Германия",1085,2027-04-14,6,6,0,1,Печная горелка; Печная горелка;,Отсутствует,ПГ4; ПГ2;
поселок И,86,Фамилия Имя Отчество,Счетчик,частный,ул Мира,д.139,Подключен,нет,нет,2018-12-21,"ВК-G4T  Elster, Германия",1086,2028-11-26,48 868,48 868,"78,1",1,КС-2;,Отсутствует,ПГ4;
поселок И,87,Фамилия Имя Отчество,Счетчик,частный,ул Мира,д.165,Подключен,нет,нет,2018-02-19,"ВК-G4T  Elster, Германия",1087,2028-02-15,37 106,37 106,"45,6",2,"АОГВ- 17,4-3  ""Siberia 17"" 2210-032  630 EUROSIT;",Отсутствует,ПГ4 Dako;
поселок И,88,Фамилия Имя Отчество,Счетчик,частный,ул Мира,д.206,Подключен,нет,нет,2021-11-18,"BK-G6T Elster, Германия",1088,2031-11-17,28 950,28 950,0,4,Печная горелка; Печная горелка;,Отсутствует,ПГ4;
поселок И,89,Фамилия Имя Отчество,Счетчик,частный,ул Мира,д.231,Подключен,нет,нет,2020-06-04,"ВК-G4T  Elster, Германия",1089,2023-08-26,38 625,38 625,"170,1",4,"АОГВ-23,5;",ВПГ автоматический;,Брест-04; Россиянка4;
поселок И,90,Фамилия Имя Отчество,Счетчик,частный,ул Мира,д.238,Подключен,нет,нет,2017-09-04,"BK-G6T Elster, Германия",1090,2027-07-14,2 542,2 542,0,2,Печная горелка;,ВПГ 21;,Дарина4;
поселок И,91,Фамилия Имя Отчество,Счетчик,частный,ул Мира,д.77,Подключен,нет,нет,2014-05-22,"BK-G6T (250)  Эльстер Газэлектроника, г.Арзамас",1091,2030-09-04,2 483,2 483,"44,5",1,КС-2; Ariston CARES X 24 CF NG;,Отсутствует,Дарина4; ПГ2;
поселок И,92,Фамилия Имя Отчество,Счетчик,частный,ул Мира,д.82,Подключен,нет,нет,2021-01-26,"ВК-G4T  Elster, Германия",1092,2031-01-19,20 100,20 100,0,2,ГПТ;,Отсутствует,Гефест4;
поселок И,93,Фамилия Имя Отчество,Счетчик,частный,ул Московская,д.110,Подключен,нет,нет,2014-11-20,MKM G6  Premagas s.r.o. Словакия,1093,2023-11-20,28 045,28 045,"27,4",1,КСТГ-10 Арбат;,Отсутствует,ПВ4 Gefest;
поселок И,94,Фамилия Имя Отчество,Счетчик,частный,ул Московская,д.6,Подключен,нет,нет,2017-03-27,"СГМН-1 G6 г. Минск, МПИ 8лет",1094,2025-01-01,426,426,0,1,"УГОП-П-16-L11; АОГВ-11,6-3 Ростов;",Отсутствует,Necko; Necko;
поселок И,95,Фамилия Имя Отчество,Счетчик,частный,ул Московская,д.74,Подключен,нет,нет,2021-07-17,"ВК-G4T  Elster, Германия",1095,2030-09-17,39 015,39 015,"38,9",3,"АОГВ-12,5 Термолюкс Термолюкс;",Отсутствует,Идель4;
поселок И,96,Фамилия Имя Отчество,Счетчик,частный,ул Набережная,д.13А,Подключен,нет,нет,2016-10-31,"ВК-G4T  Elster, Германия",1096,2026-10-27,62 902,62 902,0,4,УГОП-П-16 № 538;,Отсутствует,Дарина4;
поселок И,97,Фамилия Имя Отчество,Счетчик,частный,ул Набережная,д.15,Подключен,нет,нет,2021-04-26,"BK-G6 ООО ""Метэко-Премагаз"", г.Москва",1097,2031-04-19,37 380,37 380,"81,5",4,"УГОП-П-16-L11; АОГВ-11,6-3 Ростов;",Vektor;,ПГ4 Dako; Брест-04;
поселок И,98,Фамилия Имя Отчество,Счетчик,частный,ул Нахимова,д.6,Подключен,нет,нет,2022-05-23,"BK-G6T Elster, Германия",1098,2031-07-06,2 900,2 900,0,2,Navien Ace 20К;,ВПГ автоматический;,ПГ4 MIDEA; ПВ4 Gefest;
поселок И,99,Фамилия Имя Отчество,Счетчик,частный,ул Некрасова,д.110,Подключен,нет,нет,2022-05-23,"ВК-G4T  Elster, Германия",1099,2032-05-23,33 076,33 076,"54,1",1,Ariston Egis Plus 24 CF;,Отсутствует,Дарина4;
поселок И,100,Фамилия Имя Отчество,Счетчик,частный,ул Некрасова,д.119,Подключен,нет,нет,2018-11-12,MKM G6  Premagas s.r.o. Словакия,1100,2028-11-08,29 484,29 506,74,8,КСТГ-10 Арбат;,ВПГ 23;,ПГ4 Indesit;
поселок И,101,Фамилия Имя Отчество,Счетчик,частный,ул Некрасова,д.124,Подключен,нет,нет,2016-07-15,"ВК-G4T  Elster, Германия",1101,2023-05-15,27 210,27 210,"142,5",1,Navien Ace 13A;,ВПГ автоматический;,ПВ4 Gefest;
поселок И,102,Фамилия Имя Отчество,Счетчик,частный,ул Некрасова,д.128,Подключен,нет,нет,2021-06-07,"ВК-G4T  Elster, Германия",1102,2031-05-30,11 237,11 237,"135,4",4,Navien Deluxe 24K;,Отсутствует,Гефест4;
поселок И,103,Фамилия Имя Отчество,Счетчик,частный,ул Некрасова,д.14,Подключен,нет,нет,2018-04-18,"BK-G6T Elster, Германия",1103,2027-07-18,80 191,80 191,74,2,"АОГВ-17,4 АРБАТ;",ВПГ автоматический;,Панель варочная Ariston;
поселок И,104,Фамилия Имя Отчество,Счетчик,частный,ул Некрасова,д.68,Подключен,нет,нет,2020-08-03,"ВК-G4T  Elster, Германия",1104,2030-06-16,4 213,4 213,0,1,ДОН-16 УГОП;,Отсутствует,ПГ2 (Отеч);
поселок И,105,Фамилия Имя Отчество,Счетчик,частный,ул Некрасова,д.8,Подключен,нет,нет,2018-10-13,"BK-G6T Elster, Германия",1105,2027-02-09,2 742,2 742,0,4,ГПТ;,Отсутствует,ПГ4;
поселок И,106,Фамилия Имя Отчество,Счетчик,частный,ул Новая,д.53,Подключен,нет,нет,2018-10-01,"ВК-G4T  Elster, Германия",1106,2028-09-27,41 931,41 931,"46,6",2,"КСГ-10  ""ЛЕМАКС"" Арбат;",Отсутствует,ПВ4 Gefest;
поселок И,107,Фамилия Имя Отчество,Счетчик,частный,ул Новая,д.53А,Подключен,нет,нет,2019-05-10,"ВК-G4T  Elster, Германия",1107,2026-10-10,42 137,42 137,"73,3",1,Ferroli Diva F 13;,ВПГ автоматический;,ПВ4 Gefest;
поселок И,108,Фамилия Имя Отчество,Счетчик,частный,ул Октябрьская,д.14,Подключен,нет,нет,2020-03-05,"BK-G6T Elster, Германия",1108,2030-02-27,13 041,13 041,"60,3",3,"Лемакс Газовик АОГВ-23,2;",Отсутствует,ПВ4 Gefest;
поселок И,109,Фамилия Имя Отчество,Счетчик,частный,ул Олега Кошевого,д.10,Подключен,нет,нет,2017-07-31,"ВК-G4T  Elster, Германия",1109,2027-07-28,18 772,18 772,"58,9",3,Navien Ace 16к;,ВПГ автоматический;,ПВ4 Gefest;
поселок И,110,Фамилия Имя Отчество,Счетчик,частный,ул Орджоникидзе,д.16,Подключен,нет,нет,2022-04-04,"BK-G6T Elster, Германия",1110,2029-04-11,8 205,8 205,0,1,"УГОП-П-16-L11; АОГВ-11,6-3 Ростов;",Отсутствует,Гефест4;
поселок И,111,Фамилия Имя Отчество,Счетчик,частный,ул Партизанская,д.146,Подключен,нет,нет,2016-04-07,"ВК-G4T  Elster, Германия",1111,2027-06-06,7 256,7 256,"80,9",3,КС-Г-10;,Vektor;,ПВ4 Gefest;
поселок И,112,Фамилия Имя Отчество,Счетчик,частный,ул Партизанская,д.36,Подключен,нет,нет,2020-07-28,"ВК-G4T  Elster, Германия",1112,2028-08-17,4 370,4 370,"44,6",1,Луч КСГ-10;,Отсутствует,Дружковка4;
поселок И,113,Фамилия Имя Отчество,Счетчик,частный,ул Партизанская,д.71,Подключен,нет,нет,2019-04-25,"ВК-G4T  Elster, Германия",1113,2029-01-16,24 803,24 803,0,1,УГОП-П-16-L11;,Отсутствует,Дарина4;
поселок И,114,Фамилия Имя Отчество,Счетчик,частный,ул Первомайская,д.104,Подключен,нет,нет,2022-05-16,"BK-G6  Elster, Германия",1114,2032-01-17,58 023,58 023,"44,5",1,"АОГВ-11,6-3 Ростов;",Vektor;,Брест-04; Брест-04;
поселок И,115,Фамилия Имя Отчество,Счетчик,частный,ул Первомайская,д.47/2,Подключен,нет,нет,2019-09-19,"ВК-G4T  Elster, Германия",1115,2028-08-23,10 750,10 750,"55,1",4,"АОГВ-23,2 Арбат;",Отсутствует,панель варочная;
поселок И,116,Фамилия Имя Отчество,Счетчик,частный,ул Пионерская,д.28,Подключен,нет,нет,2022-08-01,MKM G6  Premagas s.r.o. Словакия,1116,2028-04-09,6 365,6 365,82,2,"АОГВ-11,6-3 Ростов;",Oasis ISD12-A1 ;,Дарина4;
поселок И,117,Фамилия Имя Отчество,Счетчик,частный,ул Пионерская,д.53,Подключен,нет,нет,2017-11-30,MKM G6  Premagas s.r.o. Словакия,1117,2028-01-16,1 405,1 405,0,1,ДОН-16 УГОП; ДОН-16 УГОП;,Отсутствует,ПГ4;
поселок И,118,Фамилия Имя Отчество,Счетчик,частный,ул Пионерская,д.55/1,Подключен,нет,нет,2022-05-30,"ВК-G4T  Elster, Германия",1118,2032-05-30,1 259,1 259,52,1,Navien Ace 13 K;,Отсутствует,Greta4;
поселок И,119,Фамилия Имя Отчество,Счетчик,частный,ул Победы,д.23,Подключен,нет,нет,2007-07-13,"ВК-G4T  Elster, Германия",1119,2023-08-21,10 965,10 965,0,2,Печная горелка;,ВПГ автоматический;,ПГ2;
поселок И,120,Фамилия Имя Отчество,Счетчик,частный,ул Победы,д.51/2,Подключен,нет,нет,2020-03-16,"СГМН-1 G6 г. Минск, МПИ 8лет",1120,2028-01-08,5 850,5 852,"76,9",4,"АОГВ-11,6-3 Ростов;",ВПГ автоматический;,ПВ4 Gefest;
поселок И,121,Фамилия Имя Отчество,Счетчик,частный,ул Пролетарская,д.41,Подключен,нет,нет,2020-12-07,"СГМН-1 G6 г. Минск, МПИ 8лет",1121,2028-11-18,37 450,37 450,"66,9",2,"Конорд АОГВ - 11,6-3;",Отсутствует,Лада4;
поселок И,122,Фамилия Имя Отчество,Счетчик,частный,ул Промысловая,д.83,Подключен,нет,нет,2017-11-06,"ВК-G4T  Elster, Германия",1122,2027-11-05,31 042,31 042,"58,4",1,Котел;,ВПГ автоматический;,ПГ4 MIDEA;
поселок И,123,Фамилия Имя Отчество,Счетчик,частный,ул Промысловая,д.88,Подключен,нет,нет,2020-10-02,"BK-G6T (250)  Эльстер Газэлектроника, г.Арзамас",1123,2029-01-02,50 095,50 095,"39,4",2,"АОГВ-11,6-3 Ростов;",Отсутствует,ПГ4;
поселок И,124,Фамилия Имя Отчество,Счетчик,частный,ул Пушкина,д.117А,Подключен,нет,нет,2019-08-12,"СГМН-1 G6 г. Минск, МПИ 8лет",1124,2027-08-07,39 916,39 916,0,1,ГПТ;,Отсутствует,ПГ4 Flama;
поселок И,125,Фамилия Имя Отчество,Счетчик,частный,ул Пушкина," д.178 ""А""",Подключен,нет,нет,2022-08-18,"ВК-G4T  Эльстер Газэлектроника, г.Арзамас",1125,2031-08-04,1 271,1 271,"72,2",1,Navien Deluxe Coaxial 13K;,Отсутствует,ПВ4;
поселок И,126,Фамилия Имя Отчество,Счетчик,частный,ул Пушкина,д.194Г,Подключен,нет,нет,2022-01-24,"ВК-G4T  Эльстер Газэлектроника, г.Арзамас",1126,2031-06-22,6 642,6 642,"72,3",1,Navien Deluxe Coaxial 16K;,Отсутствует,Гефест4;
поселок И,127,Фамилия Имя Отчество,Счетчик,частный,ул Пушкина,д.43,Подключен,нет,нет,2021-05-04,"ВК-G4T  Elster, Германия",1127,2031-03-16,4 381,4 381,"46,2",1,ГПТ; Navien Ace 13 K;,ВПГ автоматический;,ПВ4 Gefest; ПГ2;
поселок И,128,Фамилия Имя Отчество,Счетчик,частный,ул Пушкина,д.53,Подключен,нет,нет,2019-11-14,"BK-G6T Elster, Германия",1128,2028-09-13,43 774,43 774,0,8,ГПТ; ГПТ;,Отсутствует,Greta4;
поселок И,129,Фамилия Имя Отчество,Счетчик,частный,ул Пушкина,д.89,Подключен,нет,нет,2022-02-18,"СГМН-1 G6 г. Минск, МПИ 8лет",1129,2030-02-15,2 748,2 748,"34,3",1,Navien Ace 16к;,Отсутствует,King4;
поселок И,130,Фамилия Имя Отчество,Счетчик,частный,ул Пшеничная,д.16А,Подключен,нет,нет,2016-12-28,"ВК-G4T  Elster, Германия",1130,2026-04-19,12 649,12 649,66,3,Navien Deluxe Coaxial 13K;,Отсутствует,ПГ4 Zanussi;
поселок И,131,Фамилия Имя Отчество,Счетчик,частный,ул Пшеничная,д.37А,Подключен,нет,нет,2022-01-25,"ВК-G4T  Эльстер Газэлектроника, г.Арзамас",1131,2031-07-27,"1 621,10","1 621,10","70,1",1,Navien Deluxe 13K;,Отсутствует,панель варочная;
поселок И,132,Фамилия Имя Отчество,Счетчик,частный,ул Ровная,д.108,Подключен,нет,нет,2021-10-18,"ВК-G4T  Elster, Германия",1132,2031-07-14,6 985,6 985,"98,9",5,"АОГВ-23,2 Арбат;",Отсутствует,Дружковка4;
поселок И,133,Фамилия Имя Отчество,Счетчик,частный,ул Ровная,д.118,Подключен,нет,нет,2021-04-08,"ВК-G4T  Эльстер Газэлектроника, г.Арзамас",1133,2030-06-11,17 400,17 400,142,4,Navien Deluxe Plus Coaxial 24K;,Отсутствует,ПВ4;
поселок И,134,Фамилия Имя Отчество,Счетчик,частный,ул Ровная,д.20,Подключен,нет,нет,2021-07-29,"ВК-G4T  Elster, Германия",1134,2028-10-25,4 562,4 562,"39,3",3,"АОГВ-11,6-3 Ростов;",Отсутствует,ПГ4;
поселок И,135,Фамилия Имя Отчество,Счетчик,частный,ул Ровная,д.39,Подключен,нет,нет,2019-06-28,"ВК-G4T  Elster, Германия",1135,2027-04-20,40 763,40 764,"39,6",2,"АОГВ-17,4 ""Siberia"";",Отсутствует,ПГ4; ПВ4 Gefest;
поселок И,136,Фамилия Имя Отчество,Счетчик,частный,ул Ровная,д.42,Подключен,нет,нет,2018-12-24,"BK-G6 ООО ""Метэко-Премагаз"", г.Москва",1136,2028-12-19,47 443,47 443,"43,3",1,КОВ-10 СТ;,ВПГ автоматический;,Гефест4;
поселок И,137,Фамилия Имя Отчество,Счетчик,частный,ул Родниковая,д.13,Подключен,нет,нет,2021-08-30,BK G4T  Premagas s.r.o. Словакия,1137,2030-09-15,6 244,6 244,"111,6",1,Navien Atmo 16А;,Отсутствует,ПГ4;
поселок И,138,Фамилия Имя Отчество,Счетчик,частный,ул Ростовская,д.1,Подключен,нет,нет,2018-12-24,"СГМН-1 G6 г. Минск, МПИ 8лет",1138,2027-01-17,2 250,2 250,"29,1",12,"АОГВ-11,6-3 модель 2210-012 исп. 3 Siberia 11;",Отсутствует,ПГ4;
поселок И,139,Фамилия Имя Отчество,Счетчик,частный,ул Садовая,д.34,Подключен,нет,нет,2020-10-23,"СГМН-1 G6 г. Минск, МПИ 8лет",1139,2027-01-17,38 523,38 523,"32,7",2,ДОН-16 УГОП;,Отсутствует,ПВ4 Gefest;
поселок И,140,Фамилия Имя Отчество,Счетчик,частный,ул Садовая,д.37А,Подключен,нет,нет,2020-07-02,"BK-G6 ООО ""Метэко-Премагаз"", г.Москва",1140,2030-06-25,44 762,44 762,"38,6",8,"АОГВ-11,6-3 Ростов;",Отсутствует,Гефест4;
поселок И,141,Фамилия Имя Отчество,Счетчик,частный,ул Свердлова,д.10,Подключен,нет,нет,2019-07-01,"ВК-G4T  Elster, Германия",1141,2029-06-27,42 823,42 823,"34,7",1,"АОГВ-11,6-3 Ростов;",Отсутствует,Гефест4;
поселок И,142,Фамилия Имя Отчество,Счетчик,частный,ул Свердлова,д.119,Подключен,нет,нет,2019-08-26,MKM G6  Premagas s.r.o. Словакия,1142,2029-08-22,1 020,1 020,"119,1",1,"АОГВ-23,2 Арбат;",Oasis ISD12-A1 ;,Гефест4;
поселок И,143,Фамилия Имя Отчество,Счетчик,частный,ул Свердлова,д.14,Подключен,нет,нет,2022-01-27,BK G4T  Premagas s.r.o. Словакия,1143,2031-07-06,3 000,3 000,"90,9",1,Navien atmo 13А;,Отсутствует,ПГ4;
поселок И,144,Фамилия Имя Отчество,Счетчик,частный,ул Свердлова,д.74,Подключен,нет,нет,2012-09-18,"СГМН-1 G6 г. Минск, МПИ 8лет",1144,2027-08-19,4 436,4 436,0,5,КС-Г-16 УАБ;,Отсутствует,Терек4;
поселок И,145,Фамилия Имя Отчество,Счетчик,частный,ул Северная,д.24,Подключен,нет,нет,2021-11-16,"СГМН-1 G6 г. Минск, МПИ 8лет",1145,2029-11-09,16 103,16 103,"78,4",3,КСТГ-10 Арбат;,Нева-Транзит ВПГ-10Е;,Гефест4;
поселок И,146,Фамилия Имя Отчество,Счетчик,частный,ул Симонова,д.12А,Подключен,нет,нет,2018-01-30,"ВК-G4T  Elster, Германия",1146,2027-03-02,12 000,12 000,"69,8",1,Baxi Main Four 24F;,ВПГ автоматический;,ПГ4;
поселок И,147,Фамилия Имя Отчество,Счетчик,частный,ул Симонова,д.44,Подключен,нет,нет,2018-10-15,MKM G4  Premagas s.r.o. Словакия,1147,2028-10-11,99 810,99 810,"176,9",1,"АОГВ-23,2 Арбат;",ВПГ автоматический;,ПВ4 Gefest;
поселок И,148,Фамилия Имя Отчество,Счетчик,частный,ул Симонова,д.48,Подключен,нет,нет,2018-06-19,"ВК-G4T  Elster, Германия",1148,2023-01-01,36 955,36 955,"95,1",2,Navien Ace 16к;,ВПГ автоматический;,ПВ4 Gefest;
поселок И,149,Фамилия Имя Отчество,Счетчик,частный,ул Сискова,д.20,Подключен,нет,нет,2021-04-15,"BK-G6 ООО ""Метэко-Премагаз"", г.Москва",1149,2027-10-03,14 010,14 010,"58,8",3,"АОГВ-23,2 Арбат;",Отсутствует,Брест-04; ПГ4 Ardo;
поселок И,150,Фамилия Имя Отчество,Счетчик,частный,ул Сискова,д.21,Подключен,нет,нет,2016-04-05,"BK-G6T Elster, Германия",1150,2025-06-30,4 713,4 713,"318,1",1,Baxi Main 240;,ВПГ автоматический;,ПВ4 Gorenie;
поселок И,151,Фамилия Имя Отчество,Счетчик,частный,ул Сискова,д.25,Подключен,нет,нет,2019-04-29,"ВК-G4  Elster, Германия",1151,2029-01-11,6 340,6 340,"25,3",5,КОВ-7 СТ;,Отсутствует,ПГ4 Flama;
поселок И,152,Фамилия Имя Отчество,Счетчик,частный,ул Сискова,д.33,Подключен,нет,нет,2019-05-22,"СГМН-1 G6 г. Минск, МПИ 8лет",1152,2027-05-17,127,127,"66,3",2,"АОГВ 11,6;",ВПГ автоматический;,ПГ2; ПГ2;
поселок И,153,Фамилия Имя Отчество,Счетчик,частный,ул Сискова,д.35,Подключен,нет,нет,2019-10-07,"СГМН-1 G6 г. Минск, МПИ 8лет",1153,2027-10-03,46 875,46 875,"63,3",3,"АОГВ-11,6-3 Ростов;",Отсутствует,ПГ4 Ardo;
поселок И,154,Фамилия Имя Отчество,Счетчик,частный,ул Сискова,д.48,Подключен,нет,нет,2022-04-20,"ВК-G4T  Эльстер Газэлектроника, г.Арзамас",1154,2031-04-26,7 311,7 311,115,5,"АОГВ-23,5;",Отсутствует,Омичка4;
поселок И,155,Фамилия Имя Отчество,Счетчик,частный,ул Сискова,д.59,Подключен,нет,нет,2021-08-30,"ВК-G4T  Elster, Германия",1155,2031-08-30,15 072,15 072,"52,9",3,Navien Ace 16 AN;,Отсутствует,ПВ4;
поселок И,156,Фамилия Имя Отчество,Счетчик,частный,ул Сискова,д.99,Подключен,нет,нет,2019-11-06,"СГМН-1 G6 г. Минск, МПИ 8лет",1156,2027-03-12,19 325,19 325,"51,5",7,КС-Г-10;,Oasis ISD12-A1 ;,ПГ4 Mabe;
поселок И,157,Фамилия Имя Отчество,Счетчик,частный,ул Советская,д.113,Подключен,нет,нет,2020-08-17,"СГМН-1 G6 г. Минск, МПИ 8лет",1157,2028-08-13,8 060,8 060,"53,6",1,Кебер КС-Г-8К;,Отсутствует,ПГ2; ПГ4;
поселок И,158,Фамилия Имя Отчество,Счетчик,частный,ул Советская,д.198,Подключен,нет,нет,2018-10-19,"BK-G6 ООО ""Метэко-Премагаз"", г.Москва",1158,2028-10-12,36 348,36 348,48,5,"АОГВ-11,6-3 Ростов;",ВПГ автоматический;,ПГ4;
поселок И,159,Фамилия Имя Отчество,Счетчик,частный,ул Советская,д.44,Подключен,нет,нет,2018-10-15,"BK-G6T Elster, Германия",1159,2028-10-11,8 019,8 019,"49,8",1,"МИМАКС КСГ-12,5;",Астра ВПГ-18;,ПГ4; ПГ4;
поселок И,160,Фамилия Имя Отчество,Счетчик,частный,ул Советская,д.66,Подключен,нет,нет,2018-07-23,"СГМН-1 G6 г. Минск, МПИ 8лет",1160,2026-07-19,67 357,67 357,"39,3",5,"КСГ-10  ""ЛЕМАКС"" Арбат;",Отсутствует,ПГ4;
поселок И,161,Фамилия Имя Отчество,Счетчик,частный,ул Советская,д.77,Подключен,нет,нет,2022-04-18,"BK-G6  Elster, Германия",1161,2032-02-14,323,323,"119,4",3,Житомир-3 КС-Г-015 СН АТЕМ;,Vektor;,Кубань4;
поселок И,162,Фамилия Имя Отчество,Счетчик,частный,ул Толстого,д.31,Подключен,нет,нет,2019-06-13,"ВК-G4T  Elster, Германия",1162,2028-08-24,5 917,5 917,0,2,ДОН-16 УГОП;,Отсутствует,ПГ3;
поселок И,163,Фамилия Имя Отчество,Счетчик,частный,ул Толстого,д.38,Подключен,нет,нет,2015-12-15,"ВК-G4T  Elster, Германия",1163,2025-08-10,20 700,20 700,"75,6",8,Navien Ace 16к;,ВПГ автоматический;,ПВ4 Gefest;
поселок И,164,Фамилия Имя Отчество,Счетчик,частный,ул Толстого,д.71,Подключен,нет,нет,2020-08-07,"СГМН-1 G6 г. Минск, МПИ 8лет",1164,2028-06-05,56 259,56 259,"94,1",1,"АОГВ-11,6 ""Сигнал"" Сигнал;",Отсутствует,ПВ4 Gefest;
поселок И,165,Фамилия Имя Отчество,Счетчик,частный,ул Тургенева,д.25А,Подключен,нет,нет,2019-10-15,"СГМН-1 G6 г. Минск, МПИ 8лет",1165,2027-09-18,23 803,23 803,"80,1",5,"АОГВ-11,6 ""Сигнал"" Сигнал;",ВПГ автоматический;,ПГ4;
поселок И,166,Фамилия Имя Отчество,Счетчик,частный,ул Тюменская,д.52,Подключен,нет,нет,2021-12-06,"ВК-G4T  Elster, Германия",1166,2025-08-21,11 819,11 819,"290,1",1,Buderus;,ВПГ автоматический;,ПГ4;
поселок И,167,Фамилия Имя Отчество,Счетчик,частный,ул Украинская,д.105,Подключен,нет,нет,2019-01-30,"ВК-G4T  Elster, Германия",1167,2027-01-01,6 168,6 168,"144,9",1,Baxi Main Four 24F;,ВПГ автоматический;,ПГ4 Ariston; ПВ4 Gefest;
поселок И,168,Фамилия Имя Отчество,Счетчик,частный,ул Украинская,д.119,Подключен,нет,нет,2019-09-17,"ВК-G4T  Elster, Германия",1168,2029-06-10,2 013,2 013,"89,7",1,Navien Ace 16к;,ВПГ автоматический;,панель варочная;
поселок И,169,Фамилия Имя Отчество,Счетчик,частный,ул Украинская,д.51,Подключен,нет,нет,2017-07-31,"СГМН-1 G6 г. Минск, МПИ 8лет",1169,2025-07-28,53 615,53 630,62,4,Protherm;,ВПГ автоматический;,ПВ4 Gefest;
поселок И,170,Фамилия Имя Отчество,Счетчик,частный,ул Центральная,д.12,Подключен,нет,нет,2021-09-10,"ВК-G4T  Эльстер Газэлектроника, г.Арзамас",1170,2031-10-08,9 556,9 556,"86,8",1,Navien Deluxe Coaxial 13K;,Отсутствует,ПГ4;
поселок И,171,Фамилия Имя Отчество,Счетчик,частный,ул Черноморская,д.57,Подключен,нет,нет,2020-09-22,"BK-G6 ООО ""Метэко-Премагаз"", г.Москва",1171,2030-09-17,2 736,2 736,"53,5",4,Нева Люкс;,Контур ГВС котла (бойлер);,Гефест4; ПГ4 Nord;
поселок И,172,Фамилия Имя Отчество,Счетчик,частный,ул Чернышевского,д.3,Подключен,нет,нет,2021-06-04,"СГМН-1 G6 г. Минск, МПИ 8лет",1172,2029-06-02,31 754,31 754,"50,8",2,"АОГВ 11,6;",Отсутствует,Greta4;
поселок И,173,Фамилия Имя Отчество,Счетчик,частный,ул Чернышевского,д.57А,Подключен,нет,нет,2020-07-24,MKM G4  Premagas s.r.o. Словакия,1173,2030-07-15,18 584,18 584,"59,5",2,"АОГВ-11,6-3 Ростов;",Отсутствует,ПГ4;
поселок И,174,Фамилия Имя Отчество,Счетчик,частный,ул Шевченко,д.47,Подключен,нет,нет,2021-12-20,"BK-G6T Elster, Германия",1174,2029-05-14,27 864,27 864,0,5,УГОП-П-16-L11; УГОП-П-16-L11;,Отсутствует,ПГ4 Bosch;
поселок И,175,Фамилия Имя Отчество,Счетчик,частный,ул Шевченко,д.51,Подключен,нет,нет,2020-10-02,BK G6  Premagas s.r.o. Словакия,1175,2030-06-17,3 100,3 100,0,3,УГОП-П-16-L11;,Отсутствует,King4;
поселок И,176,Фамилия Имя Отчество,Счетчик,частный,ул Шевченко,д.80,Подключен,нет,нет,2018-09-03,"ВК-G4T  Elster, Германия",1176,2028-08-16,28 433,28 433,"51,8",6,"АОГВ-11,6-3 Ростов;",Отсутствует,ПГ4; ПГ4;
поселок И,177,Фамилия Имя Отчество,Счетчик,частный,ул Широкая,д.171,Подключен,нет,нет,2020-08-31,"BK-G6T Elster, Германия",1177,2030-08-27,16 909,16 909,0,1,УГОП-П-16-L11; УГОП-П-16-L11;,Отсутствует,Гефест4;
поселок И,178,Фамилия Имя Отчество,Счетчик,частный,ул Широкая,д.173,Подключен,нет,нет,2021-02-03,"СГМН-1 G6 г. Минск, МПИ 8лет",1178,2027-11-07,31 288,31 288,0,2,ДОН-16 УГОП; ДОН-16 УГОП;,Отсутствует,Гефест4;
поселок И,179,Фамилия Имя Отчество,Счетчик,частный,ул Широкая,д.181,Подключен,нет,нет,2018-06-13,"BK-G6T Elster, Германия",1179,2027-05-30,10 612,10 612,81,1,Baxi Main Four 24F;,ВПГ автоматический;,ПГ4 Bosch;
поселок И,180,Фамилия Имя Отчество,Счетчик,частный,ул Широкая,д.192,Подключен,нет,нет,2019-12-26,"ВК-G4T  Elster, Германия",1180,2029-08-28,10 478,10 478,"33,9",1,"АОГВ-17,4-1 Арбат;",Отсутствует,Гефест4;
поселок И,181,Фамилия Имя Отчество,Счетчик,частный,ул Широкая,д.210,Подключен,нет,нет,2012-10-08,"BK-G6 ООО ""Метэко-Премагаз"", г.Москва",1181,2029-10-14,209,209,"73,5",2,"АОГВ-11,6-3 Ростов;",Vektor;,Гефест4;
поселок И,182,Фамилия Имя Отчество,Счетчик,частный,ул Широкая,д.49,Подключен,нет,нет,2021-10-25,"ВК-G4T  Elster, Германия",1182,2031-10-21,39 500,39 500,"93,3",1,Ariston Egis Plus 24 CF;,Отсутствует,ПГ4 Mabe;
поселок И,183,Фамилия Имя Отчество,Счетчик,частный,ул Юбилейная,д.41,Подключен,нет,нет,2022-07-12,"СГМН-1 G6 г. Минск, МПИ 8лет",1183,2030-07-12,31 780,31 780,"81,1",3,Siberia;,Отсутствует,Гефест4;
поселок И,184,Фамилия Имя Отчество,Счетчик,частный,ул Юбилейная,д.95,Подключен,нет,нет,2019-05-07,"ВК-G4T  Elster, Германия",1184,2029-02-04,11 067,11 067,0,1,УГОП-П-16-L11;,Отсутствует,ПГ4;
поселок И,185,Фамилия Имя Отчество,Счетчик,частный,ул Южная,д.17А,Подключен,нет,нет,2021-11-26,"ВК-G4T  Elster, Германия",1185,2028-06-13,12 424,12 424,70,5,Данко 15С;,Отсутствует,ПВ4 Gefest;
поселок И,186,Фамилия Имя Отчество,Счетчик,частный,ул Яна Полуяна,д.22А,Подключен,нет,нет,2021-04-27,"СГМН-1 G6 г. Минск, МПИ 8лет",1186,2026-07-13,54 579,54 579,"121,1",3,Navien Ace 16к;,ВПГ автоматический;,Брест-04;